hostname,os,enviroment,country,node
SSFRA001,Solaris,Staging,France,1
STESP001,Solaris,Testing,Spain,1
AIIRL001,AIX,Integration,Ireland,1
SSITA001,Solaris,Staging,Italy,1
ATIRL001,AIX,Testing,Ireland,1
HPIRL001,HP-UX,Production,Ireland,1
SPITA001,Solaris,Production,Italy,1
APIRL001,AIX,Production,Ireland,1
LPITA001,Linux,Production,Italy,1
SIIRL001,Solaris,Integration,Ireland,1
HPNOR001,HP-UX,Production,Norway,1
APDEU001,AIX,Production,Germany,1
HDIRL001,HP-UX,Development,Ireland,1
STIRL001,Solaris,Testing,Ireland,1
ASESP001,AIX,Staging,Spain,1
LSIRL001,Linux,Staging,Ireland,1
LTIRL001,Linux,Testing,Ireland,1
LPDEU001,Linux,Production,Germany,1
SSNOR001,Solaris,Staging,Norway,1
SPDEU001,Solaris,Production,Germany,1
LSDEU001,Linux,Staging,Germany,1
SSDEU001,Solaris,Staging,Germany,1
SPNOR001,Solaris,Production,Norway,1
STDEU001,Solaris,Testing,Germany,1
LSIRL002,Linux,Staging,Ireland,2
LSDEU002,Linux,Staging,Germany,2
SSIRL001,Solaris,Staging,Ireland,1
SPESP001,Solaris,Production,Spain,1
SSFRA002,Solaris,Staging,France,2
SPIRL001,Solaris,Production,Ireland,1
LIIRL001,Linux,Integration,Ireland,1
LPIRL001,Linux,Production,Ireland,1
LIFRA001,Linux,Integration,France,1
ASFRA001,AIX,Staging,France,1
LTIRL002,Linux,Testing,Ireland,2
LSITA001,Linux,Staging,Italy,1
LSDEU003,Linux,Staging,Germany,3
HTIRL001,HP-UX,Testing,Ireland,1
LSIRL003,Linux,Staging,Ireland,3
APITA001,AIX,Production,Italy,1
LTFRA001,Linux,Testing,France,1
LTESP001,Linux,Testing,Spain,1
LPESP001,Linux,Production,Spain,1
ADITA001,AIX,Development,Italy,1
SPIRL002,Solaris,Production,Ireland,2
LPIRL002,Linux,Production,Ireland,2
SDIRL001,Solaris,Development,Ireland,1
LSNOR001,Linux,Staging,Norway,1
STITA001,Solaris,Testing,Italy,1
STDEU002,Solaris,Testing,Germany,2
SSESP001,Solaris,Staging,Spain,1
HTIRL002,HP-UX,Testing,Ireland,2
SDITA001,Solaris,Development,Italy,1
ASIRL001,AIX,Staging,Ireland,1
SIESP001,Solaris,Integration,Spain,1
HTIRL003,HP-UX,Testing,Ireland,3
HSDEU001,HP-UX,Staging,Germany,1
SPFRA001,Solaris,Production,France,1
LTIRL003,Linux,Testing,Ireland,3
LDIRL001,Linux,Development,Ireland,1
LPDEU002,Linux,Production,Germany,2
HTIRL004,HP-UX,Testing,Ireland,4
LSDEU004,Linux,Staging,Germany,4
STIRL002,Solaris,Testing,Ireland,2
LPITA002,Linux,Production,Italy,2
LIESP001,Linux,Integration,Spain,1
SSDEU002,Solaris,Staging,Germany,2
LTESP002,Linux,Testing,Spain,2
LTIRL004,Linux,Testing,Ireland,4
LTDEU001,Linux,Testing,Germany,1
STIRL003,Solaris,Testing,Ireland,3
LPITA003,Linux,Production,Italy,3
LPDEU003,Linux,Production,Germany,3
LSIRL004,Linux,Staging,Ireland,4
LPIRL003,Linux,Production,Ireland,3
ASDEU001,AIX,Staging,Germany,1
SPESP002,Solaris,Production,Spain,2
ATFRA001,AIX,Testing,France,1
HPFRA001,HP-UX,Production,France,1
SSIRL002,Solaris,Staging,Ireland,2
APIRL002,AIX,Production,Ireland,2
APIRL003,AIX,Production,Ireland,3
LPITA004,Linux,Production,Italy,4
LPITA005,Linux,Production,Italy,5
LIIRL002,Linux,Integration,Ireland,2
HDITA001,HP-UX,Development,Italy,1
LSIRL005,Linux,Staging,Ireland,5
LIITA001,Linux,Integration,Italy,1
LPDEU004,Linux,Production,Germany,4
LSIRL006,Linux,Staging,Ireland,6
HPESP001,HP-UX,Production,Spain,1
SSIRL003,Solaris,Staging,Ireland,3
ADDEU001,AIX,Development,Germany,1
STIRL004,Solaris,Testing,Ireland,4
SDIRL002,Solaris,Development,Ireland,2
ASITA001,AIX,Staging,Italy,1
LDIRL002,Linux,Development,Ireland,2
SSIRL004,Solaris,Staging,Ireland,4
LPDEU005,Linux,Production,Germany,5
SDIRL003,Solaris,Development,Ireland,3
SPFRA002,Solaris,Production,France,2
SIIRL002,Solaris,Integration,Ireland,2
SDESP001,Solaris,Development,Spain,1
HPESP002,HP-UX,Production,Spain,2
STIRL005,Solaris,Testing,Ireland,5
HSESP001,HP-UX,Staging,Spain,1
ATITA001,AIX,Testing,Italy,1
SSFRA003,Solaris,Staging,France,3
ATIRL002,AIX,Testing,Ireland,2
LTITA001,Linux,Testing,Italy,1
LDITA001,Linux,Development,Italy,1
LSIRL007,Linux,Staging,Ireland,7
SSDEU003,Solaris,Staging,Germany,3
ASNOR001,AIX,Staging,Norway,1
SPDEU002,Solaris,Production,Germany,2
LTIRL005,Linux,Testing,Ireland,5
LTITA002,Linux,Testing,Italy,2
HPESP003,HP-UX,Production,Spain,3
AIESP001,AIX,Integration,Spain,1
SSESP002,Solaris,Staging,Spain,2
HINOR001,HP-UX,Integration,Norway,1
LSIRL008,Linux,Staging,Ireland,8
HPDEU001,HP-UX,Production,Germany,1
ASDEU002,AIX,Staging,Germany,2
LPESP002,Linux,Production,Spain,2
LSDEU005,Linux,Staging,Germany,5
LSIRL009,Linux,Staging,Ireland,9
LPDEU006,Linux,Production,Germany,6
HDITA002,HP-UX,Development,Italy,2
ASIRL002,AIX,Staging,Ireland,2
LDIRL003,Linux,Development,Ireland,3
STESP002,Solaris,Testing,Spain,2
STIRL006,Solaris,Testing,Ireland,6
LTESP003,Linux,Testing,Spain,3
LDIRL004,Linux,Development,Ireland,4
LTESP004,Linux,Testing,Spain,4
LTESP005,Linux,Testing,Spain,5
LPESP003,Linux,Production,Spain,3
LSIRL010,Linux,Staging,Ireland,10
HTESP001,HP-UX,Testing,Spain,1
LDFRA001,Linux,Development,France,1
ATIRL003,AIX,Testing,Ireland,3
APNOR001,AIX,Production,Norway,1
SPITA002,Solaris,Production,Italy,2
LPDEU007,Linux,Production,Germany,7
LIESP002,Linux,Integration,Spain,2
APDEU002,AIX,Production,Germany,2
APITA002,AIX,Production,Italy,2
SSITA002,Solaris,Staging,Italy,2
LTNOR001,Linux,Testing,Norway,1
LTITA003,Linux,Testing,Italy,3
SPFRA003,Solaris,Production,France,3
LSITA002,Linux,Staging,Italy,2
STIRL007,Solaris,Testing,Ireland,7
LPITA006,Linux,Production,Italy,6
SSITA003,Solaris,Staging,Italy,3
LTDEU002,Linux,Testing,Germany,2
LSIRL011,Linux,Staging,Ireland,11
LPDEU008,Linux,Production,Germany,8
SPIRL003,Solaris,Production,Ireland,3
STFRA001,Solaris,Testing,France,1
LTFRA002,Linux,Testing,France,2
HPDEU002,HP-UX,Production,Germany,2
LTITA004,Linux,Testing,Italy,4
LPFRA001,Linux,Production,France,1
STIRL008,Solaris,Testing,Ireland,8
SPDEU003,Solaris,Production,Germany,3
ASESP002,AIX,Staging,Spain,2
APIRL004,AIX,Production,Ireland,4
STDEU003,Solaris,Testing,Germany,3
SDFRA001,Solaris,Development,France,1
LDESP001,Linux,Development,Spain,1
LDIRL005,Linux,Development,Ireland,5
LSIRL012,Linux,Staging,Ireland,12
LSDEU006,Linux,Staging,Germany,6
STITA002,Solaris,Testing,Italy,2
ASDEU003,AIX,Staging,Germany,3
ASIRL003,AIX,Staging,Ireland,3
LPDEU009,Linux,Production,Germany,9
HTNOR001,HP-UX,Testing,Norway,1
APITA003,AIX,Production,Italy,3
STNOR001,Solaris,Testing,Norway,1
HSDEU002,HP-UX,Staging,Germany,2
STIRL009,Solaris,Testing,Ireland,9
SSIRL005,Solaris,Staging,Ireland,5
LPESP004,Linux,Production,Spain,4
APIRL005,AIX,Production,Ireland,5
LSIRL013,Linux,Staging,Ireland,13
SSDEU004,Solaris,Staging,Germany,4
ATESP001,AIX,Testing,Spain,1
SDDEU001,Solaris,Development,Germany,1
HTITA001,HP-UX,Testing,Italy,1
ATFRA002,AIX,Testing,France,2
SSIRL006,Solaris,Staging,Ireland,6
LDESP002,Linux,Development,Spain,2
HPNOR002,HP-UX,Production,Norway,2
SPITA003,Solaris,Production,Italy,3
SPIRL004,Solaris,Production,Ireland,4
SPITA004,Solaris,Production,Italy,4
SPESP003,Solaris,Production,Spain,3
STITA003,Solaris,Testing,Italy,3
LIIRL003,Linux,Integration,Ireland,3
STDEU004,Solaris,Testing,Germany,4
LTITA005,Linux,Testing,Italy,5
APDEU003,AIX,Production,Germany,3
HDITA003,HP-UX,Development,Italy,3
LPFRA002,Linux,Production,France,2
SIIRL003,Solaris,Integration,Ireland,3
LDESP003,Linux,Development,Spain,3
SDNOR001,Solaris,Development,Norway,1
HPIRL002,HP-UX,Production,Ireland,2
STNOR002,Solaris,Testing,Norway,2
HTESP002,HP-UX,Testing,Spain,2
ADFRA001,AIX,Development,France,1
STNOR003,Solaris,Testing,Norway,3
HSIRL001,HP-UX,Staging,Ireland,1
SSDEU005,Solaris,Staging,Germany,5
HSIRL002,HP-UX,Staging,Ireland,2
SDITA002,Solaris,Development,Italy,2
SPDEU004,Solaris,Production,Germany,4
HTDEU001,HP-UX,Testing,Germany,1
SIIRL004,Solaris,Integration,Ireland,4
SSITA004,Solaris,Staging,Italy,4
STITA004,Solaris,Testing,Italy,4
APNOR002,AIX,Production,Norway,2
LTDEU003,Linux,Testing,Germany,3
LPDEU010,Linux,Production,Germany,10
LPDEU011,Linux,Production,Germany,11
ATDEU001,AIX,Testing,Germany,1
LPESP005,Linux,Production,Spain,5
LTIRL006,Linux,Testing,Ireland,6
LPIRL004,Linux,Production,Ireland,4
LTDEU004,Linux,Testing,Germany,4
AIESP002,AIX,Integration,Spain,2
STESP003,Solaris,Testing,Spain,3
SSITA005,Solaris,Staging,Italy,5
SDIRL004,Solaris,Development,Ireland,4
SSNOR002,Solaris,Staging,Norway,2
HTIRL005,HP-UX,Testing,Ireland,5
SPIRL005,Solaris,Production,Ireland,5
ATNOR001,AIX,Testing,Norway,1
STESP004,Solaris,Testing,Spain,4
ASIRL004,AIX,Staging,Ireland,4
LPITA007,Linux,Production,Italy,7
APESP001,AIX,Production,Spain,1
HPDEU003,HP-UX,Production,Germany,3
LSITA003,Linux,Staging,Italy,3
HSDEU003,HP-UX,Staging,Germany,3
HTITA002,HP-UX,Testing,Italy,2
LPIRL005,Linux,Production,Ireland,5
LTESP006,Linux,Testing,Spain,6
HTIRL006,HP-UX,Testing,Ireland,6
STESP005,Solaris,Testing,Spain,5
SDDEU002,Solaris,Development,Germany,2
SIIRL005,Solaris,Integration,Ireland,5
HSFRA001,HP-UX,Staging,France,1
LSDEU007,Linux,Staging,Germany,7
HPITA001,HP-UX,Production,Italy,1
STESP006,Solaris,Testing,Spain,6
ATDEU002,AIX,Testing,Germany,2
SPIRL006,Solaris,Production,Ireland,6
LIESP003,Linux,Integration,Spain,3
SDIRL005,Solaris,Development,Ireland,5
SPDEU005,Solaris,Production,Germany,5
LTIRL007,Linux,Testing,Ireland,7
SPITA005,Solaris,Production,Italy,5
APESP002,AIX,Production,Spain,2
SPDEU006,Solaris,Production,Germany,6
LSITA004,Linux,Staging,Italy,4
LIIRL004,Linux,Integration,Ireland,4
ASIRL005,AIX,Staging,Ireland,5
LDDEU001,Linux,Development,Germany,1
LTIRL008,Linux,Testing,Ireland,8
SPESP004,Solaris,Production,Spain,4
APIRL006,AIX,Production,Ireland,6
HSDEU004,HP-UX,Staging,Germany,4
ATESP002,AIX,Testing,Spain,2
LTFRA003,Linux,Testing,France,3
LPDEU012,Linux,Production,Germany,12
SDESP002,Solaris,Development,Spain,2
LDITA002,Linux,Development,Italy,2
HDDEU001,HP-UX,Development,Germany,1
LPDEU013,Linux,Production,Germany,13
LTIRL009,Linux,Testing,Ireland,9
LSITA005,Linux,Staging,Italy,5
APDEU004,AIX,Production,Germany,4
SPESP005,Solaris,Production,Spain,5
AIITA001,AIX,Integration,Italy,1
APFRA001,AIX,Production,France,1
SPIRL007,Solaris,Production,Ireland,7
HPFRA002,HP-UX,Production,France,2
LDITA003,Linux,Development,Italy,3
SDDEU003,Solaris,Development,Germany,3
LPFRA003,Linux,Production,France,3
SSITA006,Solaris,Staging,Italy,6
SSIRL007,Solaris,Staging,Ireland,7
HTIRL007,HP-UX,Testing,Ireland,7
SPDEU007,Solaris,Production,Germany,7
SIDEU001,Solaris,Integration,Germany,1
APFRA002,AIX,Production,France,2
HPDEU004,HP-UX,Production,Germany,4
SSIRL008,Solaris,Staging,Ireland,8
LPESP006,Linux,Production,Spain,6
APFRA003,AIX,Production,France,3
HSESP002,HP-UX,Staging,Spain,2
HSDEU005,HP-UX,Staging,Germany,5
SIIRL006,Solaris,Integration,Ireland,6
LSNOR002,Linux,Staging,Norway,2
LSIRL014,Linux,Staging,Ireland,14
LSIRL015,Linux,Staging,Ireland,15
LTFRA004,Linux,Testing,France,4
ATNOR002,AIX,Testing,Norway,2
LSIRL016,Linux,Staging,Ireland,16
APIRL007,AIX,Production,Ireland,7
SPITA006,Solaris,Production,Italy,6
ADFRA002,AIX,Development,France,2
STNOR004,Solaris,Testing,Norway,4
ATDEU003,AIX,Testing,Germany,3
LSDEU008,Linux,Staging,Germany,8
HSDEU006,HP-UX,Staging,Germany,6
ASESP003,AIX,Staging,Spain,3
LTDEU005,Linux,Testing,Germany,5
HTESP003,HP-UX,Testing,Spain,3
LTNOR002,Linux,Testing,Norway,2
SSIRL009,Solaris,Staging,Ireland,9
SPESP006,Solaris,Production,Spain,6
SPDEU008,Solaris,Production,Germany,8
HSDEU007,HP-UX,Staging,Germany,7
LDIRL006,Linux,Development,Ireland,6
HIITA001,HP-UX,Integration,Italy,1
APIRL008,AIX,Production,Ireland,8
APESP003,AIX,Production,Spain,3
LTIRL010,Linux,Testing,Ireland,10
LIESP004,Linux,Integration,Spain,4
SSITA007,Solaris,Staging,Italy,7
LTDEU006,Linux,Testing,Germany,6
SSFRA004,Solaris,Staging,France,4
STESP007,Solaris,Testing,Spain,7
LTDEU007,Linux,Testing,Germany,7
ADESP001,AIX,Development,Spain,1
LSDEU009,Linux,Staging,Germany,9
SPESP007,Solaris,Production,Spain,7
ADDEU002,AIX,Development,Germany,2
ASESP004,AIX,Staging,Spain,4
LSESP001,Linux,Staging,Spain,1
LPESP007,Linux,Production,Spain,7
HDFRA001,HP-UX,Development,France,1
LSDEU010,Linux,Staging,Germany,10
SSFRA005,Solaris,Staging,France,5
SPDEU009,Solaris,Production,Germany,9
LSNOR003,Linux,Staging,Norway,3
STITA005,Solaris,Testing,Italy,5
SIIRL007,Solaris,Integration,Ireland,7
SSIRL010,Solaris,Staging,Ireland,10
LSFRA001,Linux,Staging,France,1
HIFRA001,HP-UX,Integration,France,1
LDDEU002,Linux,Development,Germany,2
SPIRL008,Solaris,Production,Ireland,8
HSESP003,HP-UX,Staging,Spain,3
APFRA004,AIX,Production,France,4
HPIRL003,HP-UX,Production,Ireland,3
HTFRA001,HP-UX,Testing,France,1
SPDEU010,Solaris,Production,Germany,10
ASIRL006,AIX,Staging,Ireland,6
STDEU005,Solaris,Testing,Germany,5
APIRL009,AIX,Production,Ireland,9
LTDEU008,Linux,Testing,Germany,8
STFRA002,Solaris,Testing,France,2
LSESP002,Linux,Staging,Spain,2
ATESP003,AIX,Testing,Spain,3
APITA004,AIX,Production,Italy,4
STNOR005,Solaris,Testing,Norway,5
SPESP008,Solaris,Production,Spain,8
APDEU005,AIX,Production,Germany,5
LTESP007,Linux,Testing,Spain,7
LSITA006,Linux,Staging,Italy,6
HIESP001,HP-UX,Integration,Spain,1
STDEU006,Solaris,Testing,Germany,6
STDEU007,Solaris,Testing,Germany,7
HPESP004,HP-UX,Production,Spain,4
HSESP004,HP-UX,Staging,Spain,4
SSFRA006,Solaris,Staging,France,6
LIDEU001,Linux,Integration,Germany,1
LTDEU009,Linux,Testing,Germany,9
SPNOR002,Solaris,Production,Norway,2
LPITA008,Linux,Production,Italy,8
LPIRL006,Linux,Production,Ireland,6
LIIRL005,Linux,Integration,Ireland,5
SSIRL011,Solaris,Staging,Ireland,11
APDEU006,AIX,Production,Germany,6
STIRL010,Solaris,Testing,Ireland,10
SSIRL012,Solaris,Staging,Ireland,12
APESP004,AIX,Production,Spain,4
LPIRL007,Linux,Production,Ireland,7
LPDEU014,Linux,Production,Germany,14
ASIRL007,AIX,Staging,Ireland,7
LDFRA002,Linux,Development,France,2
ASITA002,AIX,Staging,Italy,2
HSIRL003,HP-UX,Staging,Ireland,3
LPNOR001,Linux,Production,Norway,1
HPIRL004,HP-UX,Production,Ireland,4
HPDEU005,HP-UX,Production,Germany,5
SIITA001,Solaris,Integration,Italy,1
LSIRL017,Linux,Staging,Ireland,17
LIIRL006,Linux,Integration,Ireland,6
SSNOR003,Solaris,Staging,Norway,3
HIITA002,HP-UX,Integration,Italy,2
LTFRA005,Linux,Testing,France,5
SPNOR003,Solaris,Production,Norway,3
STFRA003,Solaris,Testing,France,3
LSDEU011,Linux,Staging,Germany,11
SSDEU006,Solaris,Staging,Germany,6
SPIRL009,Solaris,Production,Ireland,9
ASFRA002,AIX,Staging,France,2
LDIRL007,Linux,Development,Ireland,7
LSDEU012,Linux,Staging,Germany,12
SSIRL013,Solaris,Staging,Ireland,13
SIITA002,Solaris,Integration,Italy,2
SSIRL014,Solaris,Staging,Ireland,14
LSDEU013,Linux,Staging,Germany,13
ATDEU004,AIX,Testing,Germany,4
SSITA008,Solaris,Staging,Italy,8
STFRA004,Solaris,Testing,France,4
SPFRA004,Solaris,Production,France,4
APNOR003,AIX,Production,Norway,3
LPDEU015,Linux,Production,Germany,15
HSITA001,HP-UX,Staging,Italy,1
LSDEU014,Linux,Staging,Germany,14
AIITA002,AIX,Integration,Italy,2
APFRA005,AIX,Production,France,5
HDITA004,HP-UX,Development,Italy,4
LPITA009,Linux,Production,Italy,9
LIITA002,Linux,Integration,Italy,2
LIIRL007,Linux,Integration,Ireland,7
SPDEU011,Solaris,Production,Germany,11
ATITA002,AIX,Testing,Italy,2
SSIRL015,Solaris,Staging,Ireland,15
SSDEU007,Solaris,Staging,Germany,7
STESP008,Solaris,Testing,Spain,8
LPDEU016,Linux,Production,Germany,16
SDDEU004,Solaris,Development,Germany,4
ASFRA003,AIX,Staging,France,3
HSIRL004,HP-UX,Staging,Ireland,4
LPFRA004,Linux,Production,France,4
LTESP008,Linux,Testing,Spain,8
APIRL010,AIX,Production,Ireland,10
LPESP008,Linux,Production,Spain,8
LTFRA006,Linux,Testing,France,6
LDDEU003,Linux,Development,Germany,3
SPIRL010,Solaris,Production,Ireland,10
STESP009,Solaris,Testing,Spain,9
LPIRL008,Linux,Production,Ireland,8
SIESP002,Solaris,Integration,Spain,2
APIRL011,AIX,Production,Ireland,11
LDIRL008,Linux,Development,Ireland,8
STDEU008,Solaris,Testing,Germany,8
HTIRL008,HP-UX,Testing,Ireland,8
SPESP009,Solaris,Production,Spain,9
LTDEU010,Linux,Testing,Germany,10
APESP005,AIX,Production,Spain,5
LTFRA007,Linux,Testing,France,7
LPIRL009,Linux,Production,Ireland,9
ATESP004,AIX,Testing,Spain,4
SSDEU008,Solaris,Staging,Germany,8
SSFRA007,Solaris,Staging,France,7
APDEU007,AIX,Production,Germany,7
LTDEU011,Linux,Testing,Germany,11
LPIRL010,Linux,Production,Ireland,10
AIIRL002,AIX,Integration,Ireland,2
LTIRL011,Linux,Testing,Ireland,11
SPDEU012,Solaris,Production,Germany,12
LDDEU004,Linux,Development,Germany,4
HTIRL009,HP-UX,Testing,Ireland,9
SPITA007,Solaris,Production,Italy,7
ASIRL008,AIX,Staging,Ireland,8
SSNOR004,Solaris,Staging,Norway,4
LPESP009,Linux,Production,Spain,9
LSIRL018,Linux,Staging,Ireland,18
HPIRL005,HP-UX,Production,Ireland,5
SPDEU013,Solaris,Production,Germany,13
ATIRL004,AIX,Testing,Ireland,4
HTIRL010,HP-UX,Testing,Ireland,10
LDDEU005,Linux,Development,Germany,5
LSESP003,Linux,Staging,Spain,3
SPIRL011,Solaris,Production,Ireland,11
SSIRL016,Solaris,Staging,Ireland,16
LSESP004,Linux,Staging,Spain,4
LTIRL012,Linux,Testing,Ireland,12
STITA006,Solaris,Testing,Italy,6
ASIRL009,AIX,Staging,Ireland,9
SPNOR004,Solaris,Production,Norway,4
LTDEU012,Linux,Testing,Germany,12
HPITA002,HP-UX,Production,Italy,2
LIDEU002,Linux,Integration,Germany,2
APIRL012,AIX,Production,Ireland,12
HDDEU002,HP-UX,Development,Germany,2
STIRL011,Solaris,Testing,Ireland,11
SPESP010,Solaris,Production,Spain,10
LDITA004,Linux,Development,Italy,4
APITA005,AIX,Production,Italy,5
HTIRL011,HP-UX,Testing,Ireland,11
HSIRL005,HP-UX,Staging,Ireland,5
SSITA009,Solaris,Staging,Italy,9
HPITA003,HP-UX,Production,Italy,3
LPDEU017,Linux,Production,Germany,17
APIRL013,AIX,Production,Ireland,13
LIDEU003,Linux,Integration,Germany,3
AIESP003,AIX,Integration,Spain,3
ATIRL005,AIX,Testing,Ireland,5
APIRL014,AIX,Production,Ireland,14
LSIRL019,Linux,Staging,Ireland,19
HDIRL002,HP-UX,Development,Ireland,2
APITA006,AIX,Production,Italy,6
STITA007,Solaris,Testing,Italy,7
LPESP010,Linux,Production,Spain,10
LDIRL009,Linux,Development,Ireland,9
APITA007,AIX,Production,Italy,7
LSIRL020,Linux,Staging,Ireland,20
STIRL012,Solaris,Testing,Ireland,12
LTITA006,Linux,Testing,Italy,6
APIRL015,AIX,Production,Ireland,15
SSITA010,Solaris,Staging,Italy,10
LTIRL013,Linux,Testing,Ireland,13
SSITA011,Solaris,Staging,Italy,11
SSFRA008,Solaris,Staging,France,8
STDEU009,Solaris,Testing,Germany,9
LPITA010,Linux,Production,Italy,10
LSITA007,Linux,Staging,Italy,7
LSIRL021,Linux,Staging,Ireland,21
LTIRL014,Linux,Testing,Ireland,14
APDEU008,AIX,Production,Germany,8
APIRL016,AIX,Production,Ireland,16
LSIRL022,Linux,Staging,Ireland,22
LIIRL008,Linux,Integration,Ireland,8
LTIRL015,Linux,Testing,Ireland,15
AIDEU001,AIX,Integration,Germany,1
LDIRL010,Linux,Development,Ireland,10
LSITA008,Linux,Staging,Italy,8
APFRA006,AIX,Production,France,6
LDDEU006,Linux,Development,Germany,6
LTESP009,Linux,Testing,Spain,9
ATDEU005,AIX,Testing,Germany,5
SSIRL017,Solaris,Staging,Ireland,17
HPITA004,HP-UX,Production,Italy,4
SSDEU009,Solaris,Staging,Germany,9
SPDEU014,Solaris,Production,Germany,14
ASESP005,AIX,Staging,Spain,5
SPDEU015,Solaris,Production,Germany,15
HIESP002,HP-UX,Integration,Spain,2
LIFRA002,Linux,Integration,France,2
LSIRL023,Linux,Staging,Ireland,23
LIESP005,Linux,Integration,Spain,5
HSFRA002,HP-UX,Staging,France,2
ATESP005,AIX,Testing,Spain,5
LPIRL011,Linux,Production,Ireland,11
LSDEU015,Linux,Staging,Germany,15
SIIRL008,Solaris,Integration,Ireland,8
ATFRA003,AIX,Testing,France,3
LSITA009,Linux,Staging,Italy,9
STESP010,Solaris,Testing,Spain,10
STITA008,Solaris,Testing,Italy,8
SPITA008,Solaris,Production,Italy,8
AIFRA001,AIX,Integration,France,1
ATNOR003,AIX,Testing,Norway,3
HSESP005,HP-UX,Staging,Spain,5
LSNOR004,Linux,Staging,Norway,4
SPESP011,Solaris,Production,Spain,11
SPDEU016,Solaris,Production,Germany,16
SPESP012,Solaris,Production,Spain,12
LDESP004,Linux,Development,Spain,4
SDESP003,Solaris,Development,Spain,3
HIFRA002,HP-UX,Integration,France,2
LPIRL012,Linux,Production,Ireland,12
APNOR004,AIX,Production,Norway,4
SPIRL012,Solaris,Production,Ireland,12
HDIRL003,HP-UX,Development,Ireland,3
HDDEU003,HP-UX,Development,Germany,3
LPESP011,Linux,Production,Spain,11
APIRL017,AIX,Production,Ireland,17
STITA009,Solaris,Testing,Italy,9
LIIRL009,Linux,Integration,Ireland,9
ATIRL006,AIX,Testing,Ireland,6
ATIRL007,AIX,Testing,Ireland,7
APIRL018,AIX,Production,Ireland,18
LDFRA003,Linux,Development,France,3
HPIRL006,HP-UX,Production,Ireland,6
APDEU009,AIX,Production,Germany,9
LTIRL016,Linux,Testing,Ireland,16
LPIRL013,Linux,Production,Ireland,13
LPDEU018,Linux,Production,Germany,18
LPDEU019,Linux,Production,Germany,19
SDDEU005,Solaris,Development,Germany,5
LSFRA002,Linux,Staging,France,2
ASDEU004,AIX,Staging,Germany,4
STFRA005,Solaris,Testing,France,5
LPIRL014,Linux,Production,Ireland,14
LPITA011,Linux,Production,Italy,11
ADIRL001,AIX,Development,Ireland,1
LTNOR003,Linux,Testing,Norway,3
HSITA002,HP-UX,Staging,Italy,2
APDEU010,AIX,Production,Germany,10
SPIRL013,Solaris,Production,Ireland,13
HTIRL012,HP-UX,Testing,Ireland,12
SSITA012,Solaris,Staging,Italy,12
LTDEU013,Linux,Testing,Germany,13
LTITA007,Linux,Testing,Italy,7
ATDEU006,AIX,Testing,Germany,6
LPESP012,Linux,Production,Spain,12
LSIRL024,Linux,Staging,Ireland,24
ASIRL010,AIX,Staging,Ireland,10
SIIRL009,Solaris,Integration,Ireland,9
LPESP013,Linux,Production,Spain,13
LTIRL017,Linux,Testing,Ireland,17
LPFRA005,Linux,Production,France,5
SSITA013,Solaris,Staging,Italy,13
APESP006,AIX,Production,Spain,6
HSNOR001,HP-UX,Staging,Norway,1
AIFRA002,AIX,Integration,France,2
STITA010,Solaris,Testing,Italy,10
HPIRL007,HP-UX,Production,Ireland,7
APIRL019,AIX,Production,Ireland,19
LTDEU014,Linux,Testing,Germany,14
ATIRL008,AIX,Testing,Ireland,8
HTIRL013,HP-UX,Testing,Ireland,13
SPIRL014,Solaris,Production,Ireland,14
SPESP013,Solaris,Production,Spain,13
SIESP003,Solaris,Integration,Spain,3
HTESP004,HP-UX,Testing,Spain,4
SPITA009,Solaris,Production,Italy,9
LPIRL015,Linux,Production,Ireland,15
SIITA003,Solaris,Integration,Italy,3
LTITA008,Linux,Testing,Italy,8
LIITA003,Linux,Integration,Italy,3
STNOR006,Solaris,Testing,Norway,6
LTDEU015,Linux,Testing,Germany,15
SDIRL006,Solaris,Development,Ireland,6
ATESP006,AIX,Testing,Spain,6
LPIRL016,Linux,Production,Ireland,16
SSDEU010,Solaris,Staging,Germany,10
LPNOR002,Linux,Production,Norway,2
LTIRL018,Linux,Testing,Ireland,18
SPDEU017,Solaris,Production,Germany,17
LPESP014,Linux,Production,Spain,14
HTNOR002,HP-UX,Testing,Norway,2
LTITA009,Linux,Testing,Italy,9
LPFRA006,Linux,Production,France,6
SPDEU018,Solaris,Production,Germany,18
LSIRL025,Linux,Staging,Ireland,25
SPNOR005,Solaris,Production,Norway,5
LTIRL019,Linux,Testing,Ireland,19
SIITA004,Solaris,Integration,Italy,4
SIITA005,Solaris,Integration,Italy,5
AINOR001,AIX,Integration,Norway,1
LSNOR005,Linux,Staging,Norway,5
LSDEU016,Linux,Staging,Germany,16
SDDEU006,Solaris,Development,Germany,6
ATIRL009,AIX,Testing,Ireland,9
LPIRL017,Linux,Production,Ireland,17
LSDEU017,Linux,Staging,Germany,17
SSIRL018,Solaris,Staging,Ireland,18
LSIRL026,Linux,Staging,Ireland,26
SPDEU019,Solaris,Production,Germany,19
LTNOR004,Linux,Testing,Norway,4
HDDEU004,HP-UX,Development,Germany,4
SPFRA005,Solaris,Production,France,5
LPIRL018,Linux,Production,Ireland,18
LSNOR006,Linux,Staging,Norway,6
LTESP010,Linux,Testing,Spain,10
ATIRL010,AIX,Testing,Ireland,10
APDEU011,AIX,Production,Germany,11
HIITA003,HP-UX,Integration,Italy,3
LSNOR007,Linux,Staging,Norway,7
SPNOR006,Solaris,Production,Norway,6
HPIRL008,HP-UX,Production,Ireland,8
ATIRL011,AIX,Testing,Ireland,11
SSNOR005,Solaris,Staging,Norway,5
ASFRA004,AIX,Staging,France,4
LPIRL019,Linux,Production,Ireland,19
LSITA010,Linux,Staging,Italy,10
ATIRL012,AIX,Testing,Ireland,12
LTESP011,Linux,Testing,Spain,11
AIITA003,AIX,Integration,Italy,3
LPDEU020,Linux,Production,Germany,20
LSIRL027,Linux,Staging,Ireland,27
LPITA012,Linux,Production,Italy,12
LIIRL010,Linux,Integration,Ireland,10
ATFRA004,AIX,Testing,France,4
HSDEU008,HP-UX,Staging,Germany,8
LTDEU016,Linux,Testing,Germany,16
APIRL020,AIX,Production,Ireland,20
HPFRA003,HP-UX,Production,France,3
LTFRA008,Linux,Testing,France,8
LPITA013,Linux,Production,Italy,13
HIDEU001,HP-UX,Integration,Germany,1
SDESP004,Solaris,Development,Spain,4
LPIRL020,Linux,Production,Ireland,20
LPIRL021,Linux,Production,Ireland,21
LPIRL022,Linux,Production,Ireland,22
LIFRA003,Linux,Integration,France,3
STDEU010,Solaris,Testing,Germany,10
LTIRL020,Linux,Testing,Ireland,20
SPIRL015,Solaris,Production,Ireland,15
LTDEU017,Linux,Testing,Germany,17
LPFRA007,Linux,Production,France,7
ATDEU007,AIX,Testing,Germany,7
APIRL021,AIX,Production,Ireland,21
ADIRL002,AIX,Development,Ireland,2
SPITA010,Solaris,Production,Italy,10
SSITA014,Solaris,Staging,Italy,14
HSFRA003,HP-UX,Staging,France,3
AIIRL003,AIX,Integration,Ireland,3
LPNOR003,Linux,Production,Norway,3
LSIRL028,Linux,Staging,Ireland,28
LIIRL011,Linux,Integration,Ireland,11
ASESP006,AIX,Staging,Spain,6
AIIRL004,AIX,Integration,Ireland,4
STDEU011,Solaris,Testing,Germany,11
LPDEU021,Linux,Production,Germany,21
SPITA011,Solaris,Production,Italy,11
LSESP005,Linux,Staging,Spain,5
APDEU012,AIX,Production,Germany,12
LIDEU004,Linux,Integration,Germany,4
LPDEU022,Linux,Production,Germany,22
LTESP012,Linux,Testing,Spain,12
LSITA011,Linux,Staging,Italy,11
STFRA006,Solaris,Testing,France,6
SPITA012,Solaris,Production,Italy,12
LPESP015,Linux,Production,Spain,15
LSDEU018,Linux,Staging,Germany,18
LPDEU023,Linux,Production,Germany,23
SSDEU011,Solaris,Staging,Germany,11
STNOR007,Solaris,Testing,Norway,7
LPIRL023,Linux,Production,Ireland,23
LTDEU018,Linux,Testing,Germany,18
AIITA004,AIX,Integration,Italy,4
HTESP005,HP-UX,Testing,Spain,5
LTESP013,Linux,Testing,Spain,13
SSITA015,Solaris,Staging,Italy,15
LTIRL021,Linux,Testing,Ireland,21
LPDEU024,Linux,Production,Germany,24
LPDEU025,Linux,Production,Germany,25
ASESP007,AIX,Staging,Spain,7
APIRL022,AIX,Production,Ireland,22
LPDEU026,Linux,Production,Germany,26
LSITA012,Linux,Staging,Italy,12
SSDEU012,Solaris,Staging,Germany,12
ATIRL013,AIX,Testing,Ireland,13
HTIRL014,HP-UX,Testing,Ireland,14
LPFRA008,Linux,Production,France,8
SSESP003,Solaris,Staging,Spain,3
SSIRL019,Solaris,Staging,Ireland,19
LPDEU027,Linux,Production,Germany,27
SDDEU007,Solaris,Development,Germany,7
LDESP005,Linux,Development,Spain,5
SPDEU020,Solaris,Production,Germany,20
APITA008,AIX,Production,Italy,8
LTESP014,Linux,Testing,Spain,14
LTIRL022,Linux,Testing,Ireland,22
AIESP004,AIX,Integration,Spain,4
STITA011,Solaris,Testing,Italy,11
LIESP006,Linux,Integration,Spain,6
LSESP006,Linux,Staging,Spain,6
ASITA003,AIX,Staging,Italy,3
SSITA016,Solaris,Staging,Italy,16
LPIRL024,Linux,Production,Ireland,24
LSIRL029,Linux,Staging,Ireland,29
ASFRA005,AIX,Staging,France,5
LSIRL030,Linux,Staging,Ireland,30
ASITA004,AIX,Staging,Italy,4
LSITA013,Linux,Staging,Italy,13
AIIRL005,AIX,Integration,Ireland,5
HSESP006,HP-UX,Staging,Spain,6
STDEU012,Solaris,Testing,Germany,12
AIIRL006,AIX,Integration,Ireland,6
HTDEU002,HP-UX,Testing,Germany,2
LPNOR004,Linux,Production,Norway,4
LSESP007,Linux,Staging,Spain,7
LTESP015,Linux,Testing,Spain,15
LPFRA009,Linux,Production,France,9
LSDEU019,Linux,Staging,Germany,19
HPNOR003,HP-UX,Production,Norway,3
APIRL023,AIX,Production,Ireland,23
SPITA013,Solaris,Production,Italy,13
SPDEU021,Solaris,Production,Germany,21
HPESP005,HP-UX,Production,Spain,5
SDESP005,Solaris,Development,Spain,5
SPIRL016,Solaris,Production,Ireland,16
SPDEU022,Solaris,Production,Germany,22
LSITA014,Linux,Staging,Italy,14
SDITA003,Solaris,Development,Italy,3
AIFRA003,AIX,Integration,France,3
APESP007,AIX,Production,Spain,7
LTIRL023,Linux,Testing,Ireland,23
LSESP008,Linux,Staging,Spain,8
ATIRL014,AIX,Testing,Ireland,14
LSESP009,Linux,Staging,Spain,9
APIRL024,AIX,Production,Ireland,24
SPESP014,Solaris,Production,Spain,14
ATIRL015,AIX,Testing,Ireland,15
LTIRL024,Linux,Testing,Ireland,24
LIDEU005,Linux,Integration,Germany,5
HPIRL009,HP-UX,Production,Ireland,9
LSITA015,Linux,Staging,Italy,15
SSITA017,Solaris,Staging,Italy,17
LPIRL025,Linux,Production,Ireland,25
SPDEU023,Solaris,Production,Germany,23
HSESP007,HP-UX,Staging,Spain,7
LSNOR008,Linux,Staging,Norway,8
LSITA016,Linux,Staging,Italy,16
LTDEU019,Linux,Testing,Germany,19
SSESP004,Solaris,Staging,Spain,4
HTESP006,HP-UX,Testing,Spain,6
SPDEU024,Solaris,Production,Germany,24
SPFRA006,Solaris,Production,France,6
LPITA014,Linux,Production,Italy,14
LTIRL025,Linux,Testing,Ireland,25
LSDEU020,Linux,Staging,Germany,20
SPIRL017,Solaris,Production,Ireland,17
HSITA003,HP-UX,Staging,Italy,3
LSIRL031,Linux,Staging,Ireland,31
HPITA005,HP-UX,Production,Italy,5
SPDEU025,Solaris,Production,Germany,25
SPIRL018,Solaris,Production,Ireland,18
HPITA006,HP-UX,Production,Italy,6
ATESP007,AIX,Testing,Spain,7
LSESP010,Linux,Staging,Spain,10
SPFRA007,Solaris,Production,France,7
LTESP016,Linux,Testing,Spain,16
LDDEU007,Linux,Development,Germany,7
ATITA003,AIX,Testing,Italy,3
LPESP016,Linux,Production,Spain,16
SSFRA009,Solaris,Staging,France,9
ATDEU008,AIX,Testing,Germany,8
APDEU013,AIX,Production,Germany,13
LSIRL032,Linux,Staging,Ireland,32
ASDEU005,AIX,Staging,Germany,5
APNOR005,AIX,Production,Norway,5
LTESP017,Linux,Testing,Spain,17
SPIRL019,Solaris,Production,Ireland,19
LSDEU021,Linux,Staging,Germany,21
LPESP017,Linux,Production,Spain,17
SPESP015,Solaris,Production,Spain,15
SPESP016,Solaris,Production,Spain,16
AIITA005,AIX,Integration,Italy,5
SPESP017,Solaris,Production,Spain,17
ADIRL003,AIX,Development,Ireland,3
LIDEU006,Linux,Integration,Germany,6
LSDEU022,Linux,Staging,Germany,22
SPDEU026,Solaris,Production,Germany,26
LPIRL026,Linux,Production,Ireland,26
SPIRL020,Solaris,Production,Ireland,20
SSDEU013,Solaris,Staging,Germany,13
HTIRL015,HP-UX,Testing,Ireland,15
STIRL013,Solaris,Testing,Ireland,13
LIDEU007,Linux,Integration,Germany,7
LTDEU020,Linux,Testing,Germany,20
ASITA005,AIX,Staging,Italy,5
LPESP018,Linux,Production,Spain,18
SIIRL010,Solaris,Integration,Ireland,10
STIRL014,Solaris,Testing,Ireland,14
STIRL015,Solaris,Testing,Ireland,15
SPDEU027,Solaris,Production,Germany,27
ASIRL011,AIX,Staging,Ireland,11
SIFRA001,Solaris,Integration,France,1
LSFRA003,Linux,Staging,France,3
LDIRL011,Linux,Development,Ireland,11
LSESP011,Linux,Staging,Spain,11
ATIRL016,AIX,Testing,Ireland,16
ASITA006,AIX,Staging,Italy,6
ASDEU006,AIX,Staging,Germany,6
LSIRL033,Linux,Staging,Ireland,33
LDESP006,Linux,Development,Spain,6
SSITA018,Solaris,Staging,Italy,18
LDDEU008,Linux,Development,Germany,8
LINOR001,Linux,Integration,Norway,1
APDEU014,AIX,Production,Germany,14
LIESP007,Linux,Integration,Spain,7
APIRL025,AIX,Production,Ireland,25
ASITA007,AIX,Staging,Italy,7
SIIRL011,Solaris,Integration,Ireland,11
LPNOR005,Linux,Production,Norway,5
APIRL026,AIX,Production,Ireland,26
SPDEU028,Solaris,Production,Germany,28
SDNOR002,Solaris,Development,Norway,2
SPIRL021,Solaris,Production,Ireland,21
ASESP008,AIX,Staging,Spain,8
SDITA004,Solaris,Development,Italy,4
LTDEU021,Linux,Testing,Germany,21
HPITA007,HP-UX,Production,Italy,7
LSIRL034,Linux,Staging,Ireland,34
LPFRA010,Linux,Production,France,10
LSESP012,Linux,Staging,Spain,12
HPDEU006,HP-UX,Production,Germany,6
HDESP001,HP-UX,Development,Spain,1
HTDEU003,HP-UX,Testing,Germany,3
SIITA006,Solaris,Integration,Italy,6
SSIRL020,Solaris,Staging,Ireland,20
SIFRA002,Solaris,Integration,France,2
LIESP008,Linux,Integration,Spain,8
LSIRL035,Linux,Staging,Ireland,35
SSDEU014,Solaris,Staging,Germany,14
LTIRL026,Linux,Testing,Ireland,26
HDITA005,HP-UX,Development,Italy,5
ADIRL004,AIX,Development,Ireland,4
LTDEU022,Linux,Testing,Germany,22
STDEU013,Solaris,Testing,Germany,13
LSNOR009,Linux,Staging,Norway,9
LTITA010,Linux,Testing,Italy,10
LTESP018,Linux,Testing,Spain,18
HIDEU002,HP-UX,Integration,Germany,2
HSIRL006,HP-UX,Staging,Ireland,6
HSDEU009,HP-UX,Staging,Germany,9
LSFRA004,Linux,Staging,France,4
SIDEU002,Solaris,Integration,Germany,2
LPFRA011,Linux,Production,France,11
STITA012,Solaris,Testing,Italy,12
LIESP009,Linux,Integration,Spain,9
STITA013,Solaris,Testing,Italy,13
LTIRL027,Linux,Testing,Ireland,27
SSESP005,Solaris,Staging,Spain,5
ASDEU007,AIX,Staging,Germany,7
SPIRL022,Solaris,Production,Ireland,22
LIDEU008,Linux,Integration,Germany,8
SSESP006,Solaris,Staging,Spain,6
ATDEU009,AIX,Testing,Germany,9
ADIRL005,AIX,Development,Ireland,5
LPNOR006,Linux,Production,Norway,6
HSITA004,HP-UX,Staging,Italy,4
LTIRL028,Linux,Testing,Ireland,28
LPITA015,Linux,Production,Italy,15
ATITA004,AIX,Testing,Italy,4
LPESP019,Linux,Production,Spain,19
STESP011,Solaris,Testing,Spain,11
LSIRL036,Linux,Staging,Ireland,36
LSESP013,Linux,Staging,Spain,13
STESP012,Solaris,Testing,Spain,12
ASITA008,AIX,Staging,Italy,8
LSIRL037,Linux,Staging,Ireland,37
SSDEU015,Solaris,Staging,Germany,15
SDIRL007,Solaris,Development,Ireland,7
LDDEU009,Linux,Development,Germany,9
LSDEU023,Linux,Staging,Germany,23
LPFRA012,Linux,Production,France,12
LTITA011,Linux,Testing,Italy,11
ATIRL017,AIX,Testing,Ireland,17
APIRL027,AIX,Production,Ireland,27
HTITA003,HP-UX,Testing,Italy,3
SIESP004,Solaris,Integration,Spain,4
LTIRL029,Linux,Testing,Ireland,29
HPDEU007,HP-UX,Production,Germany,7
LSDEU024,Linux,Staging,Germany,24
STITA014,Solaris,Testing,Italy,14
HTNOR003,HP-UX,Testing,Norway,3
STDEU014,Solaris,Testing,Germany,14
LPIRL027,Linux,Production,Ireland,27
LPIRL028,Linux,Production,Ireland,28
HSIRL007,HP-UX,Staging,Ireland,7
STESP013,Solaris,Testing,Spain,13
LSESP014,Linux,Staging,Spain,14
LSNOR010,Linux,Staging,Norway,10
LPIRL029,Linux,Production,Ireland,29
LSESP015,Linux,Staging,Spain,15
LSITA017,Linux,Staging,Italy,17
HSITA005,HP-UX,Staging,Italy,5
SIDEU003,Solaris,Integration,Germany,3
LPIRL030,Linux,Production,Ireland,30
SPFRA008,Solaris,Production,France,8
SSDEU016,Solaris,Staging,Germany,16
LPITA016,Linux,Production,Italy,16
LTESP019,Linux,Testing,Spain,19
HDFRA002,HP-UX,Development,France,2
SDIRL008,Solaris,Development,Ireland,8
LPDEU028,Linux,Production,Germany,28
LPFRA013,Linux,Production,France,13
LTNOR005,Linux,Testing,Norway,5
ASESP009,AIX,Staging,Spain,9
LPDEU029,Linux,Production,Germany,29
APDEU015,AIX,Production,Germany,15
STITA015,Solaris,Testing,Italy,15
STESP014,Solaris,Testing,Spain,14
LPIRL031,Linux,Production,Ireland,31
SPITA014,Solaris,Production,Italy,14
SPIRL023,Solaris,Production,Ireland,23
SPITA015,Solaris,Production,Italy,15
ATIRL018,AIX,Testing,Ireland,18
ASDEU008,AIX,Staging,Germany,8
LTDEU023,Linux,Testing,Germany,23
STITA016,Solaris,Testing,Italy,16
LPIRL032,Linux,Production,Ireland,32
LSIRL038,Linux,Staging,Ireland,38
APDEU016,AIX,Production,Germany,16
LPITA017,Linux,Production,Italy,17
HPITA008,HP-UX,Production,Italy,8
LIDEU009,Linux,Integration,Germany,9
LDITA005,Linux,Development,Italy,5
HPDEU008,HP-UX,Production,Germany,8
LTESP020,Linux,Testing,Spain,20
APIRL028,AIX,Production,Ireland,28
LPITA018,Linux,Production,Italy,18
LSIRL039,Linux,Staging,Ireland,39
HSNOR002,HP-UX,Staging,Norway,2
SSDEU017,Solaris,Staging,Germany,17
LPDEU030,Linux,Production,Germany,30
SPESP018,Solaris,Production,Spain,18
LSITA018,Linux,Staging,Italy,18
APIRL029,AIX,Production,Ireland,29
LTITA012,Linux,Testing,Italy,12
LDIRL012,Linux,Development,Ireland,12
SSIRL021,Solaris,Staging,Ireland,21
APDEU017,AIX,Production,Germany,17
SIDEU004,Solaris,Integration,Germany,4
ATNOR004,AIX,Testing,Norway,4
ATDEU010,AIX,Testing,Germany,10
LPIRL033,Linux,Production,Ireland,33
HSESP008,HP-UX,Staging,Spain,8
SIFRA003,Solaris,Integration,France,3
LSFRA005,Linux,Staging,France,5
HPDEU009,HP-UX,Production,Germany,9
SSIRL022,Solaris,Staging,Ireland,22
SDITA005,Solaris,Development,Italy,5
SINOR001,Solaris,Integration,Norway,1
STIRL016,Solaris,Testing,Ireland,16
ASIRL012,AIX,Staging,Ireland,12
LIIRL012,Linux,Integration,Ireland,12
LPFRA014,Linux,Production,France,14
LINOR002,Linux,Integration,Norway,2
LTITA013,Linux,Testing,Italy,13
LPNOR007,Linux,Production,Norway,7
STIRL017,Solaris,Testing,Ireland,17
LSDEU025,Linux,Staging,Germany,25
SSDEU018,Solaris,Staging,Germany,18
LPDEU031,Linux,Production,Germany,31
SDDEU008,Solaris,Development,Germany,8
SIDEU005,Solaris,Integration,Germany,5
ASITA009,AIX,Staging,Italy,9
ATITA005,AIX,Testing,Italy,5
ASDEU009,AIX,Staging,Germany,9
LTDEU024,Linux,Testing,Germany,24
LTNOR006,Linux,Testing,Norway,6
APIRL030,AIX,Production,Ireland,30
LSNOR011,Linux,Staging,Norway,11
LIITA004,Linux,Integration,Italy,4
SSESP007,Solaris,Staging,Spain,7
HTNOR004,HP-UX,Testing,Norway,4
APDEU018,AIX,Production,Germany,18
HTDEU004,HP-UX,Testing,Germany,4
LPDEU032,Linux,Production,Germany,32
ASDEU010,AIX,Staging,Germany,10
HPITA009,HP-UX,Production,Italy,9
AIIRL007,AIX,Integration,Ireland,7
LTDEU025,Linux,Testing,Germany,25
LPITA019,Linux,Production,Italy,19
SSIRL023,Solaris,Staging,Ireland,23
SDNOR003,Solaris,Development,Norway,3
LTFRA009,Linux,Testing,France,9
STESP015,Solaris,Testing,Spain,15
ASIRL013,AIX,Staging,Ireland,13
SPIRL024,Solaris,Production,Ireland,24
LTIRL030,Linux,Testing,Ireland,30
LIITA005,Linux,Integration,Italy,5
SDDEU009,Solaris,Development,Germany,9
LSDEU026,Linux,Staging,Germany,26
LSNOR012,Linux,Staging,Norway,12
SSFRA010,Solaris,Staging,France,10
SDESP006,Solaris,Development,Spain,6
SPITA016,Solaris,Production,Italy,16
LPFRA015,Linux,Production,France,15
HDITA006,HP-UX,Development,Italy,6
LPIRL034,Linux,Production,Ireland,34
LTITA014,Linux,Testing,Italy,14
SIIRL012,Solaris,Integration,Ireland,12
APDEU019,AIX,Production,Germany,19
AIDEU002,AIX,Integration,Germany,2
HTIRL016,HP-UX,Testing,Ireland,16
SSIRL024,Solaris,Staging,Ireland,24
SSITA019,Solaris,Staging,Italy,19
ATDEU011,AIX,Testing,Germany,11
HDDEU005,HP-UX,Development,Germany,5
ATIRL019,AIX,Testing,Ireland,19
STIRL018,Solaris,Testing,Ireland,18
ATIRL020,AIX,Testing,Ireland,20
STIRL019,Solaris,Testing,Ireland,19
ASIRL014,AIX,Staging,Ireland,14
APIRL031,AIX,Production,Ireland,31
SSESP008,Solaris,Staging,Spain,8
STIRL020,Solaris,Testing,Ireland,20
LTDEU026,Linux,Testing,Germany,26
LPFRA016,Linux,Production,France,16
APDEU020,AIX,Production,Germany,20
LSFRA006,Linux,Staging,France,6
LIDEU010,Linux,Integration,Germany,10
SSITA020,Solaris,Staging,Italy,20
LPIRL035,Linux,Production,Ireland,35
SPDEU029,Solaris,Production,Germany,29
ATNOR005,AIX,Testing,Norway,5
HSIRL008,HP-UX,Staging,Ireland,8
STDEU015,Solaris,Testing,Germany,15
LPIRL036,Linux,Production,Ireland,36
SPITA017,Solaris,Production,Italy,17
LDDEU010,Linux,Development,Germany,10
LPDEU033,Linux,Production,Germany,33
LSESP016,Linux,Staging,Spain,16
LIIRL013,Linux,Integration,Ireland,13
SIIRL013,Solaris,Integration,Ireland,13
SSDEU019,Solaris,Staging,Germany,19
LDIRL013,Linux,Development,Ireland,13
SDDEU010,Solaris,Development,Germany,10
LDIRL014,Linux,Development,Ireland,14
SPIRL025,Solaris,Production,Ireland,25
SDIRL009,Solaris,Development,Ireland,9
LPIRL037,Linux,Production,Ireland,37
LSIRL040,Linux,Staging,Ireland,40
ATNOR006,AIX,Testing,Norway,6
HDITA007,HP-UX,Development,Italy,7
STIRL021,Solaris,Testing,Ireland,21
LDDEU011,Linux,Development,Germany,11
LPIRL038,Linux,Production,Ireland,38
LPIRL039,Linux,Production,Ireland,39
LDIRL015,Linux,Development,Ireland,15
APESP008,AIX,Production,Spain,8
LTIRL031,Linux,Testing,Ireland,31
APIRL032,AIX,Production,Ireland,32
LSIRL041,Linux,Staging,Ireland,41
SPESP019,Solaris,Production,Spain,19
LSNOR013,Linux,Staging,Norway,13
HSITA006,HP-UX,Staging,Italy,6
STESP016,Solaris,Testing,Spain,16
SSESP009,Solaris,Staging,Spain,9
SDESP007,Solaris,Development,Spain,7
ASFRA006,AIX,Staging,France,6
LDIRL016,Linux,Development,Ireland,16
SPNOR007,Solaris,Production,Norway,7
HSDEU010,HP-UX,Staging,Germany,10
LDIRL017,Linux,Development,Ireland,17
SPITA018,Solaris,Production,Italy,18
STIRL022,Solaris,Testing,Ireland,22
AIITA006,AIX,Integration,Italy,6
HPITA010,HP-UX,Production,Italy,10
ATIRL021,AIX,Testing,Ireland,21
LTFRA010,Linux,Testing,France,10
STIRL023,Solaris,Testing,Ireland,23
SSITA021,Solaris,Staging,Italy,21
SSITA022,Solaris,Staging,Italy,22
HPDEU010,HP-UX,Production,Germany,10
LIDEU011,Linux,Integration,Germany,11
LDIRL018,Linux,Development,Ireland,18
APNOR006,AIX,Production,Norway,6
ASFRA007,AIX,Staging,France,7
HPESP006,HP-UX,Production,Spain,6
SPESP020,Solaris,Production,Spain,20
LTIRL032,Linux,Testing,Ireland,32
LSESP017,Linux,Staging,Spain,17
ASITA010,AIX,Staging,Italy,10
HPDEU011,HP-UX,Production,Germany,11
LDNOR001,Linux,Development,Norway,1
APIRL033,AIX,Production,Ireland,33
HPITA011,HP-UX,Production,Italy,11
HSESP009,HP-UX,Staging,Spain,9
APNOR007,AIX,Production,Norway,7
SIIRL014,Solaris,Integration,Ireland,14
LTESP021,Linux,Testing,Spain,21
STDEU016,Solaris,Testing,Germany,16
SPIRL026,Solaris,Production,Ireland,26
LTITA015,Linux,Testing,Italy,15
LSFRA007,Linux,Staging,France,7
ADDEU003,AIX,Development,Germany,3
LDITA006,Linux,Development,Italy,6
HPESP007,HP-UX,Production,Spain,7
SDDEU011,Solaris,Development,Germany,11
LSNOR014,Linux,Staging,Norway,14
ADIRL006,AIX,Development,Ireland,6
LPDEU034,Linux,Production,Germany,34
LPDEU035,Linux,Production,Germany,35
ASFRA008,AIX,Staging,France,8
STIRL024,Solaris,Testing,Ireland,24
APDEU021,AIX,Production,Germany,21
LPITA020,Linux,Production,Italy,20
SPDEU030,Solaris,Production,Germany,30
SSITA023,Solaris,Staging,Italy,23
LTITA016,Linux,Testing,Italy,16
LSESP018,Linux,Staging,Spain,18
LPITA021,Linux,Production,Italy,21
STDEU017,Solaris,Testing,Germany,17
APITA009,AIX,Production,Italy,9
SSDEU020,Solaris,Staging,Germany,20
ATESP008,AIX,Testing,Spain,8
ATIRL022,AIX,Testing,Ireland,22
LDIRL019,Linux,Development,Ireland,19
STIRL025,Solaris,Testing,Ireland,25
LIESP010,Linux,Integration,Spain,10
LSITA019,Linux,Staging,Italy,19
ASITA011,AIX,Staging,Italy,11
LSFRA008,Linux,Staging,France,8
LSITA020,Linux,Staging,Italy,20
SDDEU012,Solaris,Development,Germany,12
ASDEU011,AIX,Staging,Germany,11
LPIRL040,Linux,Production,Ireland,40
HTITA004,HP-UX,Testing,Italy,4
LTDEU027,Linux,Testing,Germany,27
SIIRL015,Solaris,Integration,Ireland,15
HDDEU006,HP-UX,Development,Germany,6
LDIRL020,Linux,Development,Ireland,20
STFRA007,Solaris,Testing,France,7
SSNOR006,Solaris,Staging,Norway,6
SDDEU013,Solaris,Development,Germany,13
LTFRA011,Linux,Testing,France,11
HPIRL010,HP-UX,Production,Ireland,10
ATITA006,AIX,Testing,Italy,6
ASESP010,AIX,Staging,Spain,10
LPESP020,Linux,Production,Spain,20
LPDEU036,Linux,Production,Germany,36
LTESP022,Linux,Testing,Spain,22
LDNOR002,Linux,Development,Norway,2
APIRL034,AIX,Production,Ireland,34
HSFRA004,HP-UX,Staging,France,4
LTDEU028,Linux,Testing,Germany,28
STITA017,Solaris,Testing,Italy,17
ASESP011,AIX,Staging,Spain,11
HPIRL011,HP-UX,Production,Ireland,11
LPITA022,Linux,Production,Italy,22
LPIRL041,Linux,Production,Ireland,41
LIIRL014,Linux,Integration,Ireland,14
SIITA007,Solaris,Integration,Italy,7
HPIRL012,HP-UX,Production,Ireland,12
LSESP019,Linux,Staging,Spain,19
LTESP023,Linux,Testing,Spain,23
LPDEU037,Linux,Production,Germany,37
SPITA019,Solaris,Production,Italy,19
LSDEU027,Linux,Staging,Germany,27
ASDEU012,AIX,Staging,Germany,12
ASIRL015,AIX,Staging,Ireland,15
ATDEU012,AIX,Testing,Germany,12
AIDEU003,AIX,Integration,Germany,3
SPNOR008,Solaris,Production,Norway,8
SPIRL027,Solaris,Production,Ireland,27
ATDEU013,AIX,Testing,Germany,13
LSITA021,Linux,Staging,Italy,21
SSIRL025,Solaris,Staging,Ireland,25
LTESP024,Linux,Testing,Spain,24
SDIRL010,Solaris,Development,Ireland,10
ASITA012,AIX,Staging,Italy,12
LSDEU028,Linux,Staging,Germany,28
SPDEU031,Solaris,Production,Germany,31
SINOR002,Solaris,Integration,Norway,2
LDDEU012,Linux,Development,Germany,12
ASDEU013,AIX,Staging,Germany,13
SPIRL028,Solaris,Production,Ireland,28
LDDEU013,Linux,Development,Germany,13
ATITA007,AIX,Testing,Italy,7
LSIRL042,Linux,Staging,Ireland,42
ATESP009,AIX,Testing,Spain,9
ASITA013,AIX,Staging,Italy,13
LSDEU029,Linux,Staging,Germany,29
LTITA017,Linux,Testing,Italy,17
SIIRL016,Solaris,Integration,Ireland,16
LTITA018,Linux,Testing,Italy,18
STIRL026,Solaris,Testing,Ireland,26
LSFRA009,Linux,Staging,France,9
APDEU022,AIX,Production,Germany,22
STESP017,Solaris,Testing,Spain,17
SSIRL026,Solaris,Staging,Ireland,26
HDDEU007,HP-UX,Development,Germany,7
LPNOR008,Linux,Production,Norway,8
LPNOR009,Linux,Production,Norway,9
HPIRL013,HP-UX,Production,Ireland,13
HPESP008,HP-UX,Production,Spain,8
LIIRL015,Linux,Integration,Ireland,15
LTIRL033,Linux,Testing,Ireland,33
LIDEU012,Linux,Integration,Germany,12
LSDEU030,Linux,Staging,Germany,30
LDDEU014,Linux,Development,Germany,14
SSESP010,Solaris,Staging,Spain,10
HPITA012,HP-UX,Production,Italy,12
LTFRA012,Linux,Testing,France,12
LSITA022,Linux,Staging,Italy,22
LDESP007,Linux,Development,Spain,7
HPESP009,HP-UX,Production,Spain,9
LSIRL043,Linux,Staging,Ireland,43
APESP009,AIX,Production,Spain,9
SPIRL029,Solaris,Production,Ireland,29
LPDEU038,Linux,Production,Germany,38
ATDEU014,AIX,Testing,Germany,14
SDFRA002,Solaris,Development,France,2
LPDEU039,Linux,Production,Germany,39
STDEU018,Solaris,Testing,Germany,18
STESP018,Solaris,Testing,Spain,18
STIRL027,Solaris,Testing,Ireland,27
SPIRL030,Solaris,Production,Ireland,30
LIDEU013,Linux,Integration,Germany,13
LIIRL016,Linux,Integration,Ireland,16
HTDEU005,HP-UX,Testing,Germany,5
LPESP021,Linux,Production,Spain,21
LSESP020,Linux,Staging,Spain,20
STIRL028,Solaris,Testing,Ireland,28
HPITA013,HP-UX,Production,Italy,13
LTITA019,Linux,Testing,Italy,19
HSDEU011,HP-UX,Staging,Germany,11
ASITA014,AIX,Staging,Italy,14
HSDEU012,HP-UX,Staging,Germany,12
SDESP008,Solaris,Development,Spain,8
LPIRL042,Linux,Production,Ireland,42
LSITA023,Linux,Staging,Italy,23
LSITA024,Linux,Staging,Italy,24
SPIRL031,Solaris,Production,Ireland,31
LIIRL017,Linux,Integration,Ireland,17
LIIRL018,Linux,Integration,Ireland,18
LTFRA013,Linux,Testing,France,13
LTESP025,Linux,Testing,Spain,25
LSFRA010,Linux,Staging,France,10
LDDEU015,Linux,Development,Germany,15
LSDEU031,Linux,Staging,Germany,31
SSDEU021,Solaris,Staging,Germany,21
HTDEU006,HP-UX,Testing,Germany,6
HPDEU012,HP-UX,Production,Germany,12
LDDEU016,Linux,Development,Germany,16
LPIRL043,Linux,Production,Ireland,43
SDIRL011,Solaris,Development,Ireland,11
SSITA024,Solaris,Staging,Italy,24
HDDEU008,HP-UX,Development,Germany,8
ASDEU014,AIX,Staging,Germany,14
SSNOR007,Solaris,Staging,Norway,7
LTIRL034,Linux,Testing,Ireland,34
ATITA008,AIX,Testing,Italy,8
SDESP009,Solaris,Development,Spain,9
APDEU023,AIX,Production,Germany,23
ADFRA003,AIX,Development,France,3
SSDEU022,Solaris,Staging,Germany,22
LDESP008,Linux,Development,Spain,8
LDDEU017,Linux,Development,Germany,17
LSIRL044,Linux,Staging,Ireland,44
LSIRL045,Linux,Staging,Ireland,45
STIRL029,Solaris,Testing,Ireland,29
LIDEU014,Linux,Integration,Germany,14
SSDEU023,Solaris,Staging,Germany,23
LSDEU032,Linux,Staging,Germany,32
LIITA006,Linux,Integration,Italy,6
STFRA008,Solaris,Testing,France,8
ADESP002,AIX,Development,Spain,2
HSDEU013,HP-UX,Staging,Germany,13
SSIRL027,Solaris,Staging,Ireland,27
ADIRL007,AIX,Development,Ireland,7
LPDEU040,Linux,Production,Germany,40
HPITA014,HP-UX,Production,Italy,14
LIIRL019,Linux,Integration,Ireland,19
LSIRL046,Linux,Staging,Ireland,46
LSESP021,Linux,Staging,Spain,21
HPDEU013,HP-UX,Production,Germany,13
LPDEU041,Linux,Production,Germany,41
SSIRL028,Solaris,Staging,Ireland,28
STITA018,Solaris,Testing,Italy,18
LTESP026,Linux,Testing,Spain,26
LPESP022,Linux,Production,Spain,22
STFRA009,Solaris,Testing,France,9
STIRL030,Solaris,Testing,Ireland,30
SPITA020,Solaris,Production,Italy,20
LPNOR010,Linux,Production,Norway,10
LSIRL047,Linux,Staging,Ireland,47
APDEU024,AIX,Production,Germany,24
LSDEU033,Linux,Staging,Germany,33
SPNOR009,Solaris,Production,Norway,9
SDIRL012,Solaris,Development,Ireland,12
STFRA010,Solaris,Testing,France,10
ADITA002,AIX,Development,Italy,2
LPITA023,Linux,Production,Italy,23
AIESP005,AIX,Integration,Spain,5
ADITA003,AIX,Development,Italy,3
LIITA007,Linux,Integration,Italy,7
LTITA020,Linux,Testing,Italy,20
LTDEU029,Linux,Testing,Germany,29
LPESP023,Linux,Production,Spain,23
ATDEU015,AIX,Testing,Germany,15
APDEU025,AIX,Production,Germany,25
LSDEU034,Linux,Staging,Germany,34
APDEU026,AIX,Production,Germany,26
HDDEU009,HP-UX,Development,Germany,9
LTIRL035,Linux,Testing,Ireland,35
LPFRA017,Linux,Production,France,17
LIESP011,Linux,Integration,Spain,11
SPIRL032,Solaris,Production,Ireland,32
SSITA025,Solaris,Staging,Italy,25
SPESP021,Solaris,Production,Spain,21
SPIRL033,Solaris,Production,Ireland,33
LSIRL048,Linux,Staging,Ireland,48
APESP010,AIX,Production,Spain,10
HPESP010,HP-UX,Production,Spain,10
HTDEU007,HP-UX,Testing,Germany,7
HIESP003,HP-UX,Integration,Spain,3
SPITA021,Solaris,Production,Italy,21
LTIRL036,Linux,Testing,Ireland,36
LPIRL044,Linux,Production,Ireland,44
LPNOR011,Linux,Production,Norway,11
LDITA007,Linux,Development,Italy,7
LSIRL049,Linux,Staging,Ireland,49
LPIRL045,Linux,Production,Ireland,45
SDIRL013,Solaris,Development,Ireland,13
LPFRA018,Linux,Production,France,18
ATESP010,AIX,Testing,Spain,10
STIRL031,Solaris,Testing,Ireland,31
STESP019,Solaris,Testing,Spain,19
LDFRA004,Linux,Development,France,4
STFRA011,Solaris,Testing,France,11
HTIRL017,HP-UX,Testing,Ireland,17
LDDEU018,Linux,Development,Germany,18
LTESP027,Linux,Testing,Spain,27
LIDEU015,Linux,Integration,Germany,15
ASESP012,AIX,Staging,Spain,12
HSIRL009,HP-UX,Staging,Ireland,9
LIITA008,Linux,Integration,Italy,8
SPESP022,Solaris,Production,Spain,22
SDDEU014,Solaris,Development,Germany,14
LSESP022,Linux,Staging,Spain,22
APITA010,AIX,Production,Italy,10
LIDEU016,Linux,Integration,Germany,16
HSDEU014,HP-UX,Staging,Germany,14
LTESP028,Linux,Testing,Spain,28
HPIRL014,HP-UX,Production,Ireland,14
SIITA008,Solaris,Integration,Italy,8
LDDEU019,Linux,Development,Germany,19
LTIRL037,Linux,Testing,Ireland,37
SPITA022,Solaris,Production,Italy,22
LSFRA011,Linux,Staging,France,11
ASIRL016,AIX,Staging,Ireland,16
LPIRL046,Linux,Production,Ireland,46
HPDEU014,HP-UX,Production,Germany,14
SPDEU032,Solaris,Production,Germany,32
SSIRL029,Solaris,Staging,Ireland,29
LSIRL050,Linux,Staging,Ireland,50
LTNOR007,Linux,Testing,Norway,7
LSDEU035,Linux,Staging,Germany,35
SSIRL030,Solaris,Staging,Ireland,30
ATESP011,AIX,Testing,Spain,11
HSIRL010,HP-UX,Staging,Ireland,10
ATESP012,AIX,Testing,Spain,12
SSDEU024,Solaris,Staging,Germany,24
LPESP024,Linux,Production,Spain,24
SPDEU033,Solaris,Production,Germany,33
LDITA008,Linux,Development,Italy,8
APIRL035,AIX,Production,Ireland,35
AIIRL008,AIX,Integration,Ireland,8
SPIRL034,Solaris,Production,Ireland,34
SDITA006,Solaris,Development,Italy,6
LDDEU020,Linux,Development,Germany,20
LPESP025,Linux,Production,Spain,25
APDEU027,AIX,Production,Germany,27
LPITA024,Linux,Production,Italy,24
SSDEU025,Solaris,Staging,Germany,25
LIIRL020,Linux,Integration,Ireland,20
LSIRL051,Linux,Staging,Ireland,51
LPIRL047,Linux,Production,Ireland,47
HTFRA002,HP-UX,Testing,France,2
SPNOR010,Solaris,Production,Norway,10
SSNOR008,Solaris,Staging,Norway,8
ATDEU016,AIX,Testing,Germany,16
LPDEU042,Linux,Production,Germany,42
LPIRL048,Linux,Production,Ireland,48
ATIRL023,AIX,Testing,Ireland,23
SSIRL031,Solaris,Staging,Ireland,31
STFRA012,Solaris,Testing,France,12
LPITA025,Linux,Production,Italy,25
SDESP010,Solaris,Development,Spain,10
APIRL036,AIX,Production,Ireland,36
SPFRA009,Solaris,Production,France,9
LTITA021,Linux,Testing,Italy,21
LSIRL052,Linux,Staging,Ireland,52
ATESP013,AIX,Testing,Spain,13
SPNOR011,Solaris,Production,Norway,11
LSIRL053,Linux,Staging,Ireland,53
LTDEU030,Linux,Testing,Germany,30
LSIRL054,Linux,Staging,Ireland,54
HSIRL011,HP-UX,Staging,Ireland,11
LTFRA014,Linux,Testing,France,14
LTIRL038,Linux,Testing,Ireland,38
LDESP009,Linux,Development,Spain,9
HINOR002,HP-UX,Integration,Norway,2
SPESP023,Solaris,Production,Spain,23
AIITA007,AIX,Integration,Italy,7
LTFRA015,Linux,Testing,France,15
SSITA026,Solaris,Staging,Italy,26
LSDEU036,Linux,Staging,Germany,36
SSDEU026,Solaris,Staging,Germany,26
LIDEU017,Linux,Integration,Germany,17
LIDEU018,Linux,Integration,Germany,18
AIDEU004,AIX,Integration,Germany,4
SPDEU034,Solaris,Production,Germany,34
SDIRL014,Solaris,Development,Ireland,14
LSFRA012,Linux,Staging,France,12
AIDEU005,AIX,Integration,Germany,5
ATNOR007,AIX,Testing,Norway,7
HPITA015,HP-UX,Production,Italy,15
HPESP011,HP-UX,Production,Spain,11
ASIRL017,AIX,Staging,Ireland,17
HPIRL015,HP-UX,Production,Ireland,15
SPDEU035,Solaris,Production,Germany,35
SSDEU027,Solaris,Staging,Germany,27
LTFRA016,Linux,Testing,France,16
LTITA022,Linux,Testing,Italy,22
LSIRL055,Linux,Staging,Ireland,55
ADDEU004,AIX,Development,Germany,4
LTESP029,Linux,Testing,Spain,29
LSDEU037,Linux,Staging,Germany,37
